{"count": 10, "centroid": [0.5, 0.5, 0.5, 0.5, 0.5, 0.5, 0.5, 0.5], "mean_sim": 1.0000001192092896, "median_sim": 1.0000001192092896, "p10": 1.0000001192092896, "p90": 1.0000001192092896}